{
  "CD_GENDER": {
    "count": 1802,
    "unique": 2,
    "top": "M",
    "freq": 913,
    "mean": NaN,
    "std": NaN,
    "min": NaN,
    "25%": NaN,
    "50%": NaN,
    "75%": NaN,
    "max": NaN
  },
  "CD_MARITAL_STATUS": {
    "count": 1802,
    "unique": 5,
    "top": "M",
    "freq": 375,
    "mean": NaN,
    "std": NaN,
    "min": NaN,
    "25%": NaN,
    "50%": NaN,
    "75%": NaN,
    "max": NaN
  },
  "CD_EDUCATION_STATUS": {
    "count": 1802,
    "unique": 7,
    "top": "4 yr Degree",
    "freq": 279,
    "mean": NaN,
    "std": NaN,
    "min": NaN,
    "25%": NaN,
    "50%": NaN,
    "75%": NaN,
    "max": NaN
  },
  "CD_CREDIT_RATING": {
    "count": 1802,
    "unique": 4,
    "top": "Low Risk",
    "freq": 478,
    "mean": NaN,
    "std": NaN,
    "min": NaN,
    "25%": NaN,
    "50%": NaN,
    "75%": NaN,
    "max": NaN
  },
  "CD_DEP_COUNT": {
    "count": 1802.0,
    "unique": NaN,
    "top": NaN,
    "freq": NaN,
    "mean": 2.951165371809101,
    "std": 2.0046728521513937,
    "min": 0.0,
    "25%": 1.0,
    "50%": 3.0,
    "75%": 5.0,
    "max": 6.0
  },
  "CD_DEP_EMPLOYED_COUNT": {
    "count": 1802.0,
    "unique": NaN,
    "top": NaN,
    "freq": NaN,
    "mean": 2.972807991120977,
    "std": 1.9762144182105938,
    "min": 0.0,
    "25%": 1.0,
    "50%": 3.0,
    "75%": 5.0,
    "max": 6.0
  },
  "CD_DEP_COLLEGE_COUNT": {
    "count": 1802.0,
    "unique": NaN,
    "top": NaN,
    "freq": NaN,
    "mean": 2.9334073251942288,
    "std": 1.9860715549940613,
    "min": 0.0,
    "25%": 1.0,
    "50%": 3.0,
    "75%": 5.0,
    "max": 6.0
  },
  "AGE": {
    "count": 1802.0,
    "unique": NaN,
    "top": NaN,
    "freq": NaN,
    "mean": 66.63984461709212,
    "std": 19.97482117393965,
    "min": 33.0,
    "25%": 49.0,
    "50%": 67.0,
    "75%": 84.0,
    "max": 101.0
  },
  "IS_WEEKEND": {
    "count": 1802.0,
    "unique": NaN,
    "top": NaN,
    "freq": NaN,
    "mean": 0.27081021087680357,
    "std": 0.44450161567371865,
    "min": 0.0,
    "25%": 0.0,
    "50%": 0.0,
    "75%": 1.0,
    "max": 1.0
  },
  "CD_PURCHASE_ESTIMATE": {
    "count": 1802.0,
    "unique": NaN,
    "top": NaN,
    "freq": NaN,
    "mean": 5205.049944506104,
    "std": 3394.3549869785743,
    "min": 500.0,
    "25%": 2000.0,
    "50%": 3500.0,
    "75%": 8500.0,
    "max": 10000.0
  },
  "IS_MARRIED": {
    "count": 1802.0,
    "unique": NaN,
    "top": NaN,
    "freq": NaN,
    "mean": 0.40621531631520535,
    "std": 0.4912620086720557,
    "min": 0.0,
    "25%": 0.0,
    "50%": 0.0,
    "75%": 1.0,
    "max": 1.0
  },
  "HAS_COLLEGE_DEP": {
    "count": 1802.0,
    "unique": NaN,
    "top": NaN,
    "freq": NaN,
    "mean": 0.8512763596004439,
    "std": 0.35591461925323925,
    "min": 0.0,
    "25%": 1.0,
    "50%": 1.0,
    "75%": 1.0,
    "max": 1.0
  },
  "TOTAL_DEP": {
    "count": 1802.0,
    "unique": NaN,
    "top": NaN,
    "freq": NaN,
    "mean": 8.857380688124307,
    "std": 3.475331231989574,
    "min": 0.0,
    "25%": 6.0,
    "50%": 9.0,
    "75%": 11.0,
    "max": 18.0
  },
  "AGE_BIN": {
    "count": 1802,
    "unique": 4,
    "top": "4",
    "freq": 1029,
    "mean": NaN,
    "std": NaN,
    "min": NaN,
    "25%": NaN,
    "50%": NaN,
    "75%": NaN,
    "max": NaN
  },
  "PURCHASE_RANGE": {
    "count": 1802,
    "unique": 2,
    "top": "Low",
    "freq": 912,
    "mean": NaN,
    "std": NaN,
    "min": NaN,
    "25%": NaN,
    "50%": NaN,
    "75%": NaN,
    "max": NaN
  }
}