{
  "accuracy": 0.49667405764966743,
  "f1": 0.4947265036990973
}