{
  "CD_GENDER": {
    "count": 9331,
    "unique": 2,
    "top": "M",
    "freq": 4698,
    "mean": NaN,
    "std": NaN,
    "min": NaN,
    "25%": NaN,
    "50%": NaN,
    "75%": NaN,
    "max": NaN
  },
  "CD_MARITAL_STATUS": {
    "count": 9331,
    "unique": 5,
    "top": "W",
    "freq": 1939,
    "mean": NaN,
    "std": NaN,
    "min": NaN,
    "25%": NaN,
    "50%": NaN,
    "75%": NaN,
    "max": NaN
  },
  "CD_EDUCATION_STATUS": {
    "count": 9331,
    "unique": 7,
    "top": "College",
    "freq": 1411,
    "mean": NaN,
    "std": NaN,
    "min": NaN,
    "25%": NaN,
    "50%": NaN,
    "75%": NaN,
    "max": NaN
  },
  "CD_CREDIT_RATING": {
    "count": 9331,
    "unique": 4,
    "top": "Low Risk",
    "freq": 2427,
    "mean": NaN,
    "std": NaN,
    "min": NaN,
    "25%": NaN,
    "50%": NaN,
    "75%": NaN,
    "max": NaN
  },
  "CD_DEP_COUNT": {
    "count": 9331.0,
    "unique": NaN,
    "top": NaN,
    "freq": NaN,
    "mean": 3.0233629836030436,
    "std": 1.9445393591681768,
    "min": 0.0,
    "25%": 1.0,
    "50%": 3.0,
    "75%": 5.0,
    "max": 6.0
  },
  "CD_DEP_EMPLOYED_COUNT": {
    "count": 9331.0,
    "unique": NaN,
    "top": NaN,
    "freq": NaN,
    "mean": 2.982531347122495,
    "std": 2.027996773189385,
    "min": 0.0,
    "25%": 1.0,
    "50%": 3.0,
    "75%": 5.0,
    "max": 6.0
  },
  "CD_DEP_COLLEGE_COUNT": {
    "count": 9331.0,
    "unique": NaN,
    "top": NaN,
    "freq": NaN,
    "mean": 2.8773979209087988,
    "std": 1.9972581211016522,
    "min": 0.0,
    "25%": 1.0,
    "50%": 3.0,
    "75%": 5.0,
    "max": 6.0
  },
  "AGE": {
    "count": 9331.0,
    "unique": NaN,
    "top": NaN,
    "freq": NaN,
    "mean": 67.00685885757153,
    "std": 20.607284846615045,
    "min": 33.0,
    "25%": 49.0,
    "50%": 67.0,
    "75%": 85.0,
    "max": 101.0
  },
  "IS_WEEKEND": {
    "count": 9331.0,
    "unique": NaN,
    "top": NaN,
    "freq": NaN,
    "mean": 0.0,
    "std": 0.0,
    "min": 0.0,
    "25%": 0.0,
    "50%": 0.0,
    "75%": 0.0,
    "max": 0.0
  },
  "TOTAL_SPENT": {
    "count": 9331.0,
    "unique": NaN,
    "top": NaN,
    "freq": NaN,
    "mean": 2292.851839031186,
    "std": 2956.8567495895927,
    "min": 0.0,
    "25%": 314.66,
    "50%": 1153.68,
    "75%": 3108.755,
    "max": 25755.84
  },
  "IS_MARRIED": {
    "count": 9331.0,
    "unique": NaN,
    "top": NaN,
    "freq": NaN,
    "mean": 0.39952845354195693,
    "std": 0.48982770613041965,
    "min": 0.0,
    "25%": 0.0,
    "50%": 0.0,
    "75%": 1.0,
    "max": 1.0
  },
  "HAS_COLLEGE_DEP": {
    "count": 9331.0,
    "unique": NaN,
    "top": NaN,
    "freq": NaN,
    "mean": 0.8425677848033437,
    "std": 0.36422730554506866,
    "min": 0.0,
    "25%": 1.0,
    "50%": 1.0,
    "75%": 1.0,
    "max": 1.0
  },
  "TOTAL_DEP": {
    "count": 9331.0,
    "unique": NaN,
    "top": NaN,
    "freq": NaN,
    "mean": 8.883292251634337,
    "std": 3.4619955533426663,
    "min": 0.0,
    "25%": 7.0,
    "50%": 9.0,
    "75%": 11.0,
    "max": 18.0
  },
  "AGE_BIN": {
    "count": 9331,
    "unique": 4,
    "top": "4",
    "freq": 5465,
    "mean": NaN,
    "std": NaN,
    "min": NaN,
    "25%": NaN,
    "50%": NaN,
    "75%": NaN,
    "max": NaN
  },
  "HIGH_SPENDER": {
    "count": 9331.0,
    "unique": NaN,
    "top": NaN,
    "freq": NaN,
    "mean": 0.3400492980387954,
    "std": 0.473750805888101,
    "min": 0.0,
    "25%": 0.0,
    "50%": 0.0,
    "75%": 1.0,
    "max": 1.0
  }
}