{
  "accuracy": 0.5259322760394342,
  "f1": 0.3869179600886918
}